date,day,theme,x_time_local,linkedin_time_local,instagram_time_local,x_post,linkedin_post,instagram_post
2026-04-22,1,What ONE THING is,08:10,12:15,18:30,"ONE THING is built around a small promise: one email, one clear action, before the day gets noisy. Not a system to manage. Just a useful next step. #OneThing #CalmProductivity","We built ONE THING around a very small promise: one email, one clear action, before the day gets noisy. The point is not to optimize everything. The point is to remove one daily moment of friction: deciding where to start. #OneThing #IntentionalWork","ONE THING starts with a small promise. One email. One clear action. Before the day gets noisy. Not a bigger system. Not more tabs. Just a useful next step. #OneThing #CalmProductivity #DailyPractice"
2026-04-23,2,Morning attention matters,08:10,12:15,18:30,"The first useful decision of the day should not require your full cognitive budget. A quiet prompt at the right time can do more than a long plan saved for later. #MorningRoutine #OneThing","Morning attention is expensive. If the first useful move of the day still depends on sorting, prioritizing, or negotiating with yourself, the work has already become heavier than it needs to be. ONE THING is designed for that exact moment. #MorningRoutine #DecisionFriction","Some mornings do not need more ambition. They need less sorting. A quiet prompt at the right time can carry more weight than a longer plan you have to re-decide every day. #MorningRoutine #OneThing #Focus"
2026-04-24,3,Decision friction,08:10,12:15,18:30,"People often call it procrastination when the real problem is decision friction. The task is not always too hard. Sometimes there are simply too many possible starting points. #DecisionFriction #OneThing","Not every stalled day is a motivation problem. Sometimes the actual issue is decision friction: too many possible starting points, not enough certainty, and just enough ambiguity to delay action again. We think one clear next step is underrated infrastructure. #DecisionFriction #CalmProductivity","Sometimes the block is not resistance. It is too many possible starts. When the next move is already decided, the day asks less from you. #DecisionFriction #OneThing #IntentionalWork"
2026-04-25,4,Small action beats perfect plan,08:10,12:15,18:30,"A small completed action has a calming effect that a perfect plan rarely does. Progress gets quieter once the starting point is no longer negotiable. #DailyPractice #OneThing","Perfect plans are emotionally appealing because they postpone contact with the work. Small completed actions do the opposite. They reduce uncertainty by putting something real in motion. We are far more interested in the second category. #DailyPractice #IntentionalWork","A small finished action can settle the mind faster than a beautiful plan. Not because the plan was useless. Because completion changes the texture of the day. #DailyPractice #CalmProductivity #OneThing"
2026-04-26,5,5 to 15 minutes is enough,08:10,12:15,18:30,"Five to fifteen minutes is long enough to create movement and short enough to stop the task from becoming a negotiation. That constraint matters more than it seems. #Focus #OneThing","We like the 5 to 15 minute range because it changes the emotional cost of starting. The work can still be meaningful, but it no longer needs a perfectly protected afternoon or a dramatic surge of discipline. It only needs a real opening. #Focus #CalmProductivity","Five to fifteen minutes is a quiet kind of permission. Long enough to matter. Short enough to begin before the mind turns it into a project. #Focus #OneThing #MorningRoutine"
2026-04-27,6,One email is a feature,08:10,12:15,18:30,"We like email here because it can arrive, be read, and be acted on without asking you to enter another system first. The container matters. #ProductDesign #OneThing","Part of the product decision was choosing a container that does not require extra setup at the moment of action. Email is not exciting, which is partly why it works. It can carry one clear instruction without making the system bigger than the work. #ProductDesign #DecisionFriction","One reason we chose email: it can arrive quietly, be read quickly, and ask for one real thing without turning into a destination. #ProductDesign #OneThing #CalmProductivity"
2026-04-28,7,Narrow focus helps,08:10,12:15,18:30,"Most people do not need more categories of improvement. They need a narrower field of attention. Focus is often a subtraction problem. #Focus #IntentionalWork","We limit ONE THING on purpose. The product asks people to choose a narrow set of categories because attention gets diluted faster than most systems admit. Constraint is not a missing feature here. It is part of the value. #Focus #IntentionalWork #OneThing","Focus often feels like addition from the outside. In practice it is usually subtraction. Fewer categories. Fewer decisions. Fewer things asking to be started at once. #Focus #OneThing #DailyPractice"
2026-04-29,8,Calm productivity,08:10,12:15,18:30,"We are interested in calm productivity: less drama around the work, less identity pressure, more steady contact with the next useful action. #CalmProductivity #OneThing","There is a version of productivity content that makes the work feel louder than the work itself. We are trying to build in the other direction: less drama, less performance, more steady contact with the next useful action. #CalmProductivity #ProductDesign","Calm productivity is not low ambition. It is lower noise around the same intention. Less performance. More contact with the next useful step. #CalmProductivity #OneThing #IntentionalWork"
2026-04-30,9,The next useful step,08:10,12:15,18:30,"The phrase we come back to most is \"the next useful step.\" Not the ideal plan. Not the entire reset. Just the move that makes the rest of the day less vague. #OneThing #Focus","We keep returning to the phrase \"the next useful step.\" It is practical without being rigid. It leaves room for real life, but it still asks for movement. That feels like the right level of pressure for a daily product. #Focus #DailyPractice","The next useful step is enough. It does not need to solve the whole week. It only needs to make the day feel less vague than it did ten minutes ago. #OneThing #Focus #CalmProductivity"
2026-05-01,10,Monthly clarity check,08:10,12:15,18:30,"We like monthly resets that are specific enough to use. Reflection is helpful when it produces a cleaner next move, not just a better paragraph about the month. #DailyPractice #OneThing","A monthly check-in is only useful if it changes something operational. That is why we like clarity prompts that lead back to action: what feels heavier than it should, what can be simplified, and what deserves the next block of attention. #DailyPractice #IntentionalWork","Reflection earns its place when it clears the next step. Otherwise it becomes another way to circle the work. We prefer monthly check-ins that leave the day lighter, not fuller. #DailyPractice #OneThing #CalmProductivity"
2026-05-02,11,Consistency over intensity,08:10,12:15,18:30,"Intensity is persuasive because it feels important. Consistency is quieter and usually more useful. We are building for the second mode. #DailyPractice #OneThing","Many people do not need a more intense system. They need a system they can meet repeatedly without bracing for it first. Consistency is often a design decision before it becomes a behavior outcome. #DailyPractice #ProductDesign","Consistency usually arrives with less spectacle than intensity. That is part of why it is easier to miss and easier to underestimate. We still trust it more. #DailyPractice #OneThing #IntentionalWork"
2026-05-03,12,Quiet accountability,08:10,12:15,18:30,"There is a kind of accountability that does not need public performance. Sometimes a well-timed prompt and a small done state are enough. #OneThing #CalmProductivity","We do not think accountability always has to be loud. For many people, a clear prompt, a defined finish, and the ability to mark something done is enough to create steadier follow-through. Quiet accountability is still accountability. #CalmProductivity #ProductDesign","Not all accountability needs an audience. Sometimes it is just a clear prompt, a small action, and the feeling of being finished with something real before the day spills outward. #OneThing #CalmProductivity #DailyPractice"
2026-05-04,13,Start before motivation,08:10,12:15,18:30,"Motivation is useful when it shows up, but it is a fragile dependency. Clear starts create more reliable mornings than waiting to feel fully ready. #MorningRoutine #OneThing","We are skeptical of systems that quietly depend on motivation while pretending they do not. Clear starts are more reliable. They lower the amount of energy required to begin, which matters more than most advice admits. #MorningRoutine #DecisionFriction","Waiting to feel ready can turn into a full-time habit. Clear starts ask for less mood, less negotiation, and less faith in a future version of yourself. #MorningRoutine #OneThing #Focus"
2026-05-05,14,Invitation to follow along,08:10,12:15,18:30,"If this line of thinking feels useful, follow along. We’ll keep sharing quiet notes on clarity, attention, and building a day around the next useful step. #OneThing #CalmProductivity","If this framing resonates, follow along. We will keep sharing practical notes on decision friction, calm systems, and the design choices behind ONE THING as the product takes shape. #OneThing #ProductDesign #IntentionalWork","If this feels like the pace you have been looking for, stay close. We will keep sharing quiet notes on attention, routine, and choosing one useful next step at a time. #OneThing #CalmProductivity #DailyPractice"
